{"__symbolic":"module","version":1,"metadata":{},"exports":[{"from":"./src/simple-notifications.module","export":["SimpleNotificationsModule"]},{"from":"./src/simple-notifications.component","export":["SimpleNotificationsComponent"]},{"from":"./src/notification.component","export":["NotificationComponent"]},{"from":"./src/notifications.service","export":["NotificationsService"]},{"from":"./src/max.pipe","export":["MaxPipe"]},{"from":"./src/push-notifications.module","export":["PushNotificationsModule"]},{"from":"./src/push-notifications.service","export":["PushNotificationsService"]}]}