{
  "rules": {
    "class-name": true,
    "comment-format": [true, "check-space"],
    "indent": [true, "spaces"],
    "no-duplicate-variable": true,
    "no-use-before-declare": true,
    "no-eval": true,
    "no-internal-module": false,
    "no-trailing-whitespace": false,
    "no-var-keyword": true,
    "one-line": [true, "check-open-brace", "check-whitespace"],
    "quotemark": [true, "single"],
    "semicolon": false,
    "triple-equals": [true, "allow-null-check"],

    "typedef-whitespace": [true, {
      "call-signature": "nospace",
      "index-signature": "nospace",
      "parameter": "nospace",
      "property-declaration": "nospace",
      "variable-declaration": "nospace"
    }],

    "variable-name": [true, "ban-keywords"],

    "whitespace": [true,
      "check-branch",
      "check-decl",
      "check-operator",
      "check-separator",
      "check-type"
    ]

  }
}